male_ring,female_ring,colony,pair_ID,cycle_pair,year,nest,chick_sur,season_outcome,ulti_outcome,missed_seasons,male_next_season_sur,female_next_season_sur,male_pers,female_pers,absol
680901,6161667,grumant,680901_6161667,2010_680901_6161667,2010,H#0003,0,0,0,0,1,1,NA,2.09039202,NA
680901,6161667,grumant,680901_6161667,2011_680901_6161667,2011,H#0002,1,0,0,0,0,0,NA,2.09039202,NA
680901,6161667,grumant,680901_6161667,2012_680901_6161667,2012,H#0003,0,0,0,0,0,0,NA,2.09039202,NA
680901,6161667,grumant,680901_6161667,2013_680901_6161667,2013,H#0003,0,1,1,0,NA,0,NA,2.09039202,NA
680905,6177225,grumant,680905_6177225,2010_680905_6177225,2010,I#0004,1,NA,1,1,NA,NA,NA,NA,NA
680905,6126202,grumant,680905_6126202,2012_680905_6126202,2012,I#0004,0,NA,1,1,NA,NA,NA,NA,NA
680905,6126047,grumant,680905_6126047,2014_680905_6126047,2014,I#0004,0,NA,NA,NA,NA,NA,NA,NA,NA
680910,6162462,grumant,680910_6162462,2012_680910_6162462,2012,L#0005,1,NA,1,1,NA,NA,NA,NA,NA
680910,6126233,grumant,680910_6126233,2014_680910_6126233,2014,L#0005,0,0,0,0,1,1,NA,1.23282592,NA
680910,6126233,grumant,680910_6126233,2015_680910_6126233,2015,L#0005,1,1,1,0,NA,0,NA,1.23282592,NA
680934,680939,grumant,680934_680939,2010_680934_680939,2010,K#0002,0,0,0,0,1,1,NA,0.023294601,NA
680934,680939,grumant,680934_680939,2011_680934_680939,2011,K#0002,1,NA,1,2,NA,NA,NA,0.023294601,NA
680938,680937,grumant,680938_680937,2010_680938_680937,2010,N#0001,1,0,0,0,1,1,NA,0.75486907,NA
680938,680937,grumant,680938_680937,2011_680938_680937,2011,N#0001,1,0,0,0,1,1,NA,0.75486907,NA
680938,680937,grumant,680938_680937,2012_680938_680937,2012,N#0001,1,NA,1,1,NA,NA,NA,0.75486907,NA
680940,680936,grumant,680940_680936,2010_680940_680936,2010,I#0003,1,0,0,1,NA,NA,NA,0.055706465,NA
680940,680936,grumant,680940_680936,2012_680940_680936,2012,I#0003,1,NA,1,1,NA,NA,NA,0.055706465,NA
680942,680932,grumant,680942_680932,2013_680942_680932,2013,M#0001,0,1,1,0,NA,0,NA,1.6661128,NA
680944,680909,grumant,680944_680909,2010_680944_680909,2010,I#0002,1,1,1,0,NA,1,NA,NA,NA
680944,6126045,grumant,680944_6126045,2014_680944_6126045,2014,I#0002,0,NA,NA,NA,NA,NA,NA,NA,NA
680946,6126012,grumant,680946_6126012,2013_680946_6126012,2013,L#0001,0,1,1,0,NA,0,NA,NA,NA
680948,680906,grumant,680948_680906,2010_680948_680906,2010,I#0001,1,0,0,0,0,0,NA,NA,NA
680948,680906,grumant,680948_680906,2011_680948_680906,2011,I#0001,0,1,1,0,1,NA,NA,NA,NA
680948,6146952,grumant,680948_6146952,2012_680948_6146952,2012,I#0001,1,NA,1,1,NA,NA,NA,1.120805499,NA
680949,6161679,grumant,680949_6161679,2010_680949_6161679,2010,L#0003,1,0,0,1,NA,NA,NA,2.455532876,NA
680949,6161679,grumant,680949_6161679,2012_680949_6161679,2012,L#0004,0,0,0,0,0,0,NA,2.455532876,NA
680949,6161679,grumant,680949_6161679,2013_680949_6161679,2013,L#0004,0,1,1,0,NA,0,NA,2.455532876,NA
6126003,6126050,grumant,6126003_6126050,2012_6126003_6126050,2012,D#0001,0,NA,1,1,NA,NA,NA,NA,NA
6126003,6126215,grumant,6126003_6126215,2014_6126003_6126215,2014,D#0001,0,0,0,0,0,0,NA,2.319564427,NA
6126003,6126215,grumant,6126003_6126215,2015_6126003_6126215,2015,D#0001,0,NA,1,1,NA,NA,NA,2.319564427,NA
6126004,6126019,grumant,6126004_6126019,2011_6126004_6126019,2011,E#0001,0,NA,NA,NA,NA,NA,NA,NA,NA
6126005,6126018,grumant,6126005_6126018,2011_6126005_6126018,2011,E#0002,0,NA,NA,NA,NA,NA,NA,NA,NA
6126009,6126010,grumant,6126009_6126010,2011_6126009_6126010,2011,F#0003,0,NA,NA,NA,NA,NA,NA,NA,NA
6126011,680932,grumant,6126011_680932,2014_6126011_680932,2014,M#0001,0,0,0,1,NA,NA,NA,1.6661128,NA
6126011,680932,grumant,6126011_680932,2016_6126011_680932,2016,M#0001,1,1,1,0,NA,0,NA,1.6661128,NA
6126015,6126047,grumant,6126015_6126047,2012_6126015_6126047,2012,B#0002,0,NA,1,1,NA,NA,-0.040466789,NA,NA
6126015,6141786,grumant,6126015_6141786,2016_6126015_6141786,2016,I#0002,1,1,1,0,0,NA,-0.040466789,NA,NA
6126015,6161673,grumant,6126015_6161673,2017_6126015_6161673,2017,I#0002,0,NA,NA,NA,NA,NA,-0.040466789,0.533389295,0.573856084
6126040,6126223,grumant,6126040_6126223,2014_6126040_6126223,2014,J#0004,0,0,0,0,0,0,1.874887583,-0.035841492,1.910729075
6126040,6126223,grumant,6126040_6126223,2015_6126040_6126223,2015,J#0004,0,0,0,0,1,1,1.874887583,-0.035841492,1.910729075
6126040,6126223,grumant,6126040_6126223,2016_6126040_6126223,2016,J#0004,1,0,0,0,0,0,1.874887583,-0.035841492,1.910729075
6126040,6126223,grumant,6126040_6126223,2017_6126040_6126223,2017,J#0004,0,NA,NA,NA,NA,NA,1.874887583,-0.035841492,1.910729075
6126044,6126033,grumant,6126044_6126033,2017_6126044_6126033,2017,K#0008,0,NA,NA,NA,NA,NA,NA,0.031238805,NA
6126203,6126204,grumant,6126203_6126204,2011_6126203_6126204,2011,A#0002,0,1,1,0,NA,0,NA,NA,NA
6126206,6146961,grumant,6126206_6146961,2012_6126206_6146961,2012,G#0002,0,NA,NA,NA,NA,NA,NA,NA,NA
6126207,6126205,grumant,6126207_6126205,2012_6126207_6126205,2012,F#0005,0,NA,1,2,NA,NA,NA,NA,NA
6126207,6141769,grumant,6126207_6141769,2015_6126207_6141769,2015,F#0005,0,NA,NA,NA,NA,NA,NA,NA,NA
6126210,6126236,grumant,6126210_6126236,2015_6126210_6126236,2015,K#0006,0,1,1,0,NA,1,NA,2.250164875,NA
6126212,6126214,grumant,6126212_6126214,2012_6126212_6126214,2012,F#0001,0,NA,NA,NA,NA,NA,NA,NA,NA
6126213,6126048,grumant,6126213_6126048,2012_6126213_6126048,2012,G#0003,0,NA,1,1,NA,NA,1.195372844,NA,NA
6126213,6126220,grumant,6126213_6126220,2014_6126213_6126220,2014,K#0007,0,1,1,0,NA,0,1.195372844,-0.030199559,1.225572403
6126213,6126236,grumant,6126213_6126236,2016_6126213_6126236,2016,K#0007,1,0,0,0,0,0,1.195372844,2.250164875,1.054792031
6126213,6126236,grumant,6126213_6126236,2017_6126213_6126236,2017,K#0007,0,NA,NA,NA,NA,NA,1.195372844,2.250164875,1.054792031
6126216,6177247,grumant,6126216_6177247,2012_6126216_6177247,2012,C#0001,0,NA,NA,NA,NA,NA,NA,NA,NA
6126217,6126204,grumant,6126217_6126204,2012_6126217_6126204,2012,B#0001,0,NA,NA,NA,NA,NA,NA,NA,NA
6126218,6126045,grumant,6126218_6126045,2012_6126218_6126045,2012,H#0002,0,1,1,0,NA,0,NA,NA,NA
6126227,6126223,grumant,6126227_6126223,2012_6126227_6126223,2012,D#0004,0,NA,1,1,NA,NA,NA,-0.035841492,NA
6126229,6126222,grumant,6126229_6126222,2012_6126229_6126222,2012,D#0002,0,NA,NA,NA,NA,NA,NA,NA,NA
6126235,680932,grumant,6126235_680932,2012_6126235_680932,2012,M#0001,1,1,1,0,NA,0,NA,1.6661128,NA
6126238,6126241,grumant,6126238_6126241,2014_6126238_6126241,2014,I#0005,0,NA,1,3,NA,NA,2.455532876,NA,NA
6126238,6177208,grumant,6126238_6177208,2018_g_6126238_6177208,2018_g,J#0003,0,NA,NA,NA,NA,NA,2.455532876,1.924625575,0.530907301
6126239,6161679,grumant,6126239_6161679,2014_6126239_6161679,2014,L#0004,0,0,0,0,1,1,2.220430812,2.455532876,0.235102064
6126239,6161679,grumant,6126239_6161679,2015_6126239_6161679,2015,L#0004,1,0,0,0,1,1,2.220430812,2.455532876,0.235102064
6126239,6161679,grumant,6126239_6161679,2016_6126239_6161679,2016,L#0004,1,1,1,0,0,0,2.220430812,2.455532876,0.235102064
6126239,6126215,grumant,6126239_6126215,2017_6126239_6126215,2017,L#0004,0,NA,NA,NA,NA,NA,2.220430812,2.319564427,0.099133615
6126242,6177227,grumant,6126242_6177227,2014_6126242_6177227,2014,H#0001,0,0,0,0,1,1,0.769447901,1.621696313,0.852248412
6126242,6177227,grumant,6126242_6177227,2015_6126242_6177227,2015,H#0001,1,0,0,0,1,1,0.769447901,1.621696313,0.852248412
6126242,6177227,grumant,6126242_6177227,2016_6126242_6177227,2016,H#0001,1,0,0,0,0,0,0.769447901,1.621696313,0.852248412
6126242,6177227,grumant,6126242_6177227,2017_6126242_6177227,2017,H#0001,0,0,0,0,0,0,0.769447901,1.621696313,0.852248412
6126242,6177227,grumant,6126242_6177227,2018_g_6126242_6177227,2018_g,H#0001,0,NA,NA,NA,NA,NA,0.769447901,1.621696313,0.852248412
6126243,6161667,grumant,6126243_6161667,2014_6126243_6161667,2014,H#0003,0,1,1,0,NA,1,NA,2.09039202,NA
6126244,6191621,grumant,6126244_6191621,2015_6126244_6191621,2015,H#0002,1,0,0,0,1,1,2.179750404,NA,NA
6126244,6191621,grumant,6126244_6191621,2016_6126244_6191621,2016,H#0002,1,1,1,0,0,NA,2.179750404,NA,NA
6126244,6161663,grumant,6126244_6161663,2017_6126244_6161663,2017,H#0002,0,NA,NA,NA,NA,NA,2.179750404,2.081314206,0.098436198
6126246,6126245,grumant,6126246_6126245,2014_6126246_6126245,2014,E#0002,0,NA,NA,NA,NA,NA,0.020327952,NA,NA
6126247,6146952,grumant,6126247_6146952,2014_6126247_6146952,2014,I#0001,0,NA,NA,NA,NA,NA,NA,1.120805499,NA
6126250,6141764,grumant,6126250_6141764,2014_6126250_6141764,2014,G#0001,0,NA,1,1,NA,NA,NA,NA,NA
6141766,6228268,grumant,6141766_6228268,2016_6141766_6228268,2016,H#0003,1,0,0,0,0,0,0.511031571,2.27702308,1.765991509
6141766,6228268,grumant,6141766_6228268,2017_6141766_6228268,2017,H#0003,0,0,0,0,0,0,0.511031571,2.27702308,1.765991509
6141766,6228268,grumant,6141766_6228268,2018_g_6141766_6228268,2018_g,H#0003,0,NA,NA,NA,NA,NA,0.511031571,2.27702308,1.765991509
6141770,6126233,grumant,6141770_6126233,2016_6141770_6126233,2016,L#0005,0,1,1,0,0,0,0.127940704,1.23282592,1.104885216
6141770,6161665,grumant,6141770_6161665,2017_6141770_6161665,2017,L#0005,0,NA,NA,NA,NA,NA,0.127940704,0.885330963,0.757390259
6141773,6141762,grumant,6141773_6141762,2017_6141773_6141762,2017,K#0002,1,NA,NA,NA,NA,NA,1.761165337,0.221514085,1.539651252
6141776,6161685,grumant,6141776_6161685,2018_g_6141776_6161685,2018_g,K#0009,0,NA,NA,NA,NA,NA,2.220812909,2.080973252,0.139839657
6141782,680937,grumant,6141782_680937,2016_6141782_680937,2016,L#0007,1,NA,NA,NA,NA,NA,2.618194298,0.75486907,1.863325228
6141783,6141787,grumant,6141783_6141787,2016_6141783_6141787,2016,N#0001,1,NA,NA,NA,NA,NA,-0.176217961,NA,NA
6146954,6126006,grumant,6146954_6126006,2011_6146954_6126006,2011,E#0004,0,NA,1,2,NA,NA,NA,0.007106512,NA
6146954,6126248,grumant,6146954_6126248,2014_6146954_6126248,2014,E#0003,0,NA,NA,NA,NA,NA,NA,NA,NA
6146955,680908,grumant,6146955_680908,2010_6146955_680908,2010,O#0002,0,0,0,1,NA,NA,NA,NA,NA
6146955,680908,grumant,6146955_680908,2012_6146955_680908,2012,K#0008,1,0,0,0,0,0,NA,NA,NA
6146955,680908,grumant,6146955_680908,2013_6146955_680908,2013,K#0008,0,1,1,0,0,0,NA,NA,NA
6146955,6126232,grumant,6146955_6126232,2014_6146955_6126232,2014,K#0008,0,1,1,0,0,NA,NA,NA,NA
6146955,6126220,grumant,6146955_6126220,2015_6146955_6126220,2015,K#0008,0,NA,NA,NA,NA,NA,NA,-0.030199559,NA
6146957,680947,grumant,6146957_680947,2010_6146957_680947,2010,N#0002,1,0,0,0,1,1,NA,NA,NA
6146957,680947,grumant,6146957_680947,2011_6146957_680947,2011,N#0002,1,0,0,0,1,1,NA,NA,NA
6146957,680947,grumant,6146957_680947,2012_6146957_680947,2012,N#0002,1,NA,NA,NA,NA,NA,NA,NA,NA
6146960,6126002,grumant,6146960_6126002,2012_6146960_6126002,2012,D#0005,0,NA,NA,NA,NA,NA,NA,NA,NA
6146963,6126234,grumant,6146963_6126234,2014_6146963_6126234,2014,N#0003,0,NA,NA,NA,NA,NA,NA,NA,NA
6146967,6126226,grumant,6146967_6126226,2012_6146967_6126226,2012,I#0002,0,1,1,0,0,NA,-0.044268992,NA,NA
6146967,6126045,grumant,6146967_6126045,2013_6146967_6126045,2013,H#0002,0,1,1,0,0,0,-0.044268992,NA,NA
6146967,680936,grumant,6146967_680936,2014_6146967_680936,2014,I#0003,0,0,0,2,NA,NA,-0.044268992,0.055706465,0.099975457
6146967,680936,grumant,6146967_680936,2017_6146967_680936,2017,I#0003,0,NA,NA,NA,NA,NA,-0.044268992,0.055706465,0.099975457
6146977,6146959,grumant,6146977_6146959,2010_6146977_6146959,2010,G#0001,0,0,0,0,1,1,NA,NA,NA
6146977,6146959,grumant,6146977_6146959,2011_6146977_6146959,2011,G#0001,1,0,0,0,0,0,NA,NA,NA
6146977,6146959,grumant,6146977_6146959,2012_6146977_6146959,2012,K#0007,0,NA,1,1,NA,NA,NA,NA,NA
6146982,6126232,grumant,6146982_6126232,2012_6146982_6126232,2012,K#0009,1,NA,1,1,NA,NA,NA,NA,NA
6146982,6146959,grumant,6146982_6146959,2014_6146982_6146959,2014,K#0009,0,NA,NA,NA,NA,NA,NA,NA,NA
6146983,6126225,grumant,6146983_6126225,2012_6146983_6126225,2012,I#0006,0,0,0,1,NA,NA,NA,NA,NA
6146983,6126225,grumant,6146983_6126225,2014_6146983_6126225,2014,I#0006,0,NA,1,1,NA,NA,NA,NA,NA
6146983,6141765,grumant,6146983_6141765,2016_6146983_6141765,2016,I#0006,1,0,0,0,0,0,NA,0.082012087,NA
6146983,6141765,grumant,6146983_6141765,2017_6146983_6141765,2017,I#0005,0,NA,NA,NA,NA,NA,NA,0.082012087,NA
6146996,6126012,grumant,6146996_6126012,2014_6146996_6126012,2014,L#0001,0,NA,1,1,NA,NA,1.82065594,NA,NA
6146996,6141771,grumant,6146996_6141771,2016_6146996_6141771,2016,L#0001,1,0,0,0,0,0,1.82065594,0.530921197,1.289734743
6146996,6141771,grumant,6146996_6141771,2017_6146996_6141771,2017,L#0001,0,0,0,0,0,0,1.82065594,0.530921197,1.289734743
6146996,6141771,grumant,6146996_6141771,2018_g_6146996_6141771,2018_g,L#0001,0,NA,NA,NA,NA,NA,1.82065594,0.530921197,1.289734743
6161662,6228300,grumant,6161662_6228300,2017_6161662_6228300,2017,R#0003,0,NA,NA,NA,NA,NA,NA,NA,NA
6161664,6161670,grumant,6161664_6161670,2017_6161664_6161670,2017,K#0006,0,NA,NA,NA,NA,NA,0.015407548,0.529103516,0.513695968
6161666,6177218,grumant,6161666_6177218,2010_6161666_6177218,2010,M#0002,1,0,0,0,1,1,2.240667731,NA,NA
6161666,6177218,grumant,6161666_6177218,2011_6161666_6177218,2011,M#0002,1,1,1,0,0,NA,2.240667731,NA,NA
6161666,6126046,grumant,6161666_6126046,2012_6161666_6126046,2012,M#0002,0,0,0,0,0,0,2.240667731,0.168351395,2.072316336
6161666,6126046,grumant,6161666_6126046,2013_6161666_6126046,2013,M#0002,0,0,0,0,0,0,2.240667731,0.168351395,2.072316336
6161666,6126046,grumant,6161666_6126046,2014_6161666_6126046,2014,M#0002,0,0,0,0,1,1,2.240667731,0.168351395,2.072316336
6161666,6126046,grumant,6161666_6126046,2015_6161666_6126046,2015,M#0002,1,0,0,1,NA,NA,2.240667731,0.168351395,2.072316336
6161666,6126046,grumant,6161666_6126046,2017_6161666_6126046,2017,M#0002,0,NA,NA,NA,NA,NA,2.240667731,0.168351395,2.072316336
6161669,6177214,grumant,6161669_6177214,2009_6161669_6177214,2009,K#0004,1,1,1,0,1,1,1.899217158,NA,NA
6161669,680935,grumant,6161669_680935,2010_6161669_680935,2010,K#0004,1,0,0,0,1,1,1.899217158,NA,NA
6161669,680935,grumant,6161669_680935,2011_6161669_680935,2011,K#0004,1,1,1,0,1,NA,1.899217158,NA,NA
6161669,6126228,grumant,6161669_6126228,2012_6161669_6126228,2012,K#0004,1,NA,1,1,NA,NA,1.899217158,NA,NA
6161669,6141762,grumant,6161669_6141762,2014_6161669_6141762,2014,K#0004,0,0,0,0,0,0,1.899217158,0.221514085,1.677703073
6161669,6141762,grumant,6161669_6141762,2015_6161669_6141762,2015,K#0004,0,1,1,0,1,NA,1.899217158,0.221514085,1.677703073
6161669,6126219,grumant,6161669_6126219,2016_6161669_6126219,2016,K#0005,1,0,0,0,0,0,1.899217158,0.469624939,1.429592219
6161669,6126219,grumant,6161669_6126219,2017_6161669_6126219,2017,K#0005,0,0,0,0,0,0,1.899217158,0.469624939,1.429592219
6161669,6126219,grumant,6161669_6126219,2018_g_6161669_6126219,2018_g,K#0005,0,NA,NA,NA,NA,NA,1.899217158,0.469624939,1.429592219
6161674,6126233,grumant,6161674_6126233,2017_6161674_6126233,2017,N#0003,0,NA,NA,NA,NA,NA,0.131212908,1.23282592,1.101613012
6161678,6191620,grumant,6161678_6191620,2018_g_6161678_6191620,2018_g,H#0002,0,NA,NA,NA,NA,NA,0.032734666,-0.014993633,0.047728299
6161686,6141775,grumant,6161686_6141775,2018_g_6161686_6141775,2018_g,L#0007,0,NA,NA,NA,NA,NA,2.394906842,NA,NA
6162420,6177227,grumant,6162420_6177227,2010_6162420_6177227,2010,H#0001,1,0,0,0,1,1,NA,1.621696313,NA
6162420,6177227,grumant,6162420_6177227,2011_6162420_6177227,2011,H#0001,1,0,0,0,0,0,NA,1.621696313,NA
6162420,6177227,grumant,6162420_6177227,2012_6162420_6177227,2012,H#0001,0,NA,1,1,NA,NA,NA,1.621696313,NA
6177201,680902,grumant,6177201_680902,2010_6177201_680902,2010,I#0005,0,NA,1,1,NA,NA,NA,NA,NA
6177201,6177225,grumant,6177201_6177225,2012_6177201_6177225,2012,I#0005,0,NA,NA,NA,NA,NA,NA,NA,NA
6177203,6177208,grumant,6177203_6177208,2010_6177203_6177208,2010,J#0005,1,0,0,0,1,1,2.029800417,1.924625575,0.105174842
6177203,6177208,grumant,6177203_6177208,2011_6177203_6177208,2011,J#0005,1,0,0,0,1,1,2.029800417,1.924625575,0.105174842
6177203,6177208,grumant,6177203_6177208,2012_6177203_6177208,2012,J#0005,1,0,0,0,0,0,2.029800417,1.924625575,0.105174842
6177203,6177208,grumant,6177203_6177208,2013_6177203_6177208,2013,J#0005,0,0,0,0,0,0,2.029800417,1.924625575,0.105174842
6177203,6177208,grumant,6177203_6177208,2014_6177203_6177208,2014,J#0005,0,0,0,0,1,1,2.029800417,1.924625575,0.105174842
6177203,6177208,grumant,6177203_6177208,2015_6177203_6177208,2015,J#0005,1,0,0,0,1,1,2.029800417,1.924625575,0.105174842
6177203,6177208,grumant,6177203_6177208,2016_6177203_6177208,2016,J#0005,1,1,1,0,0,0,2.029800417,1.924625575,0.105174842
6177203,6141774,grumant,6177203_6141774,2017_6177203_6141774,2017,J#0005,0,0,0,0,0,0,2.029800417,2.145695657,0.11589524
6177203,6141774,grumant,6177203_6141774,2018_g_6177203_6141774,2018_g,J#0005,0,NA,NA,NA,NA,NA,2.029800417,2.145695657,0.11589524
6177204,6177247,grumant,6177204_6177247,2009_6177204_6177247,2009,J#0001,1,1,1,0,1,NA,1.392766777,NA,NA
6177204,680914,grumant,6177204_680914,2010_6177204_680914,2010,J#0001,1,1,1,0,1,NA,1.392766777,NA,NA
6177204,6126201,grumant,6177204_6126201,2011_6177204_6126201,2011,J#0001,1,0,0,0,0,0,1.392766777,1.656230632,0.263463855
6177204,6126201,grumant,6177204_6126201,2012_6177204_6126201,2012,J#0001,0,0,0,0,0,0,1.392766777,1.656230632,0.263463855
6177204,6126201,grumant,6177204_6126201,2013_6177204_6126201,2013,J#0001,0,1,1,0,0,0,1.392766777,1.656230632,0.263463855
6177204,680909,grumant,6177204_680909,2014_6177204_680909,2014,J#0001,0,1,1,0,1,NA,1.392766777,NA,NA
6177204,6161667,grumant,6177204_6161667,2015_6177204_6161667,2015,J#0001,1,0,0,0,1,1,1.392766777,2.09039202,0.697625243
6177204,6161667,grumant,6177204_6161667,2016_6177204_6161667,2016,J#0001,1,0,0,0,0,0,1.392766777,2.09039202,0.697625243
6177204,6161667,grumant,6177204_6161667,2017_6177204_6161667,2017,J#0001,0,0,0,0,0,0,1.392766777,2.09039202,0.697625243
6177204,6161667,grumant,6177204_6161667,2018_g_6177204_6161667,2018_g,J#0001,0,NA,NA,NA,NA,NA,1.392766777,2.09039202,0.697625243
6177206,680907,grumant,6177206_680907,2010_6177206_680907,2010,J#0002,1,1,1,0,1,NA,2.345714969,NA,NA
6177206,680909,grumant,6177206_680909,2011_6177206_680909,2011,J#0002,1,0,0,0,1,1,2.345714969,NA,NA
6177206,680909,grumant,6177206_680909,2012_6177206_680909,2012,J#0002,1,NA,1,1,NA,NA,2.345714969,NA,NA
6177206,6126201,grumant,6177206_6126201,2014_6177206_6126201,2014,J#0002,0,0,0,0,1,1,2.345714969,1.656230632,0.689484337
6177206,6126201,grumant,6177206_6126201,2015_6177206_6126201,2015,J#0002,1,0,0,0,1,1,2.345714969,1.656230632,0.689484337
6177206,6126201,grumant,6177206_6126201,2016_6177206_6126201,2016,J#0002,1,0,0,0,0,0,2.345714969,1.656230632,0.689484337
6177206,6126201,grumant,6177206_6126201,2017_6177206_6126201,2017,J#0002,0,0,0,0,0,0,2.345714969,1.656230632,0.689484337
6177206,6126201,grumant,6177206_6126201,2018_g_6177206_6126201,2018_g,J#0002,0,NA,NA,NA,NA,NA,2.345714969,1.656230632,0.689484337
6177207,6177246,grumant,6177207_6177246,2010_6177207_6177246,2010,J#0004,1,0,0,0,1,1,NA,NA,NA
6177207,6177246,grumant,6177207_6177246,2011_6177207_6177246,2011,J#0004,1,0,0,0,1,1,NA,NA,NA
6177207,6177246,grumant,6177207_6177246,2012_6177207_6177246,2012,J#0004,1,0,0,0,0,0,NA,NA,NA
6177207,6177246,grumant,6177207_6177246,2013_6177207_6177246,2013,J#0004,0,NA,NA,NA,NA,NA,NA,NA,NA
6177209,6177211,grumant,6177209_6177211,2011_6177209_6177211,2011,K#0001,1,0,0,0,1,1,1.576391889,NA,NA
6177209,6177211,grumant,6177209_6177211,2012_6177209_6177211,2012,K#0001,1,NA,1,1,NA,NA,1.576391889,NA,NA
6177209,680939,grumant,6177209_680939,2014_6177209_680939,2014,K#0001,0,0,0,0,1,1,1.576391889,0.023294601,1.553097288
6177209,680939,grumant,6177209_680939,2015_6177209_680939,2015,K#0001,1,0,0,0,1,1,1.576391889,0.023294601,1.553097288
6177209,680939,grumant,6177209_680939,2016_6177209_680939,2016,K#0001,1,0,0,0,0,0,1.576391889,0.023294601,1.553097288
6177209,680939,grumant,6177209_680939,2017_6177209_680939,2017,K#0001,0,0,0,0,0,0,1.576391889,0.023294601,1.553097288
6177209,680939,grumant,6177209_680939,2018_g_6177209_680939,2018_g,K#0001,0,NA,NA,NA,NA,NA,1.576391889,0.023294601,1.553097288
6177210,6177212,grumant,6177210_6177212,2011_6177210_6177212,2011,L#0001,0,0,0,0,1,1,1.409893097,2.248599414,0.838706317
6177210,6177212,grumant,6177210_6177212,2012_6177210_6177212,2012,L#0002,1,0,0,1,NA,NA,1.409893097,2.248599414,0.838706317
6177210,6177212,grumant,6177210_6177212,2014_6177210_6177212,2014,L#0002,0,0,0,0,1,1,1.409893097,2.248599414,0.838706317
6177210,6177212,grumant,6177210_6177212,2015_6177210_6177212,2015,L#0002,1,0,0,0,1,1,1.409893097,2.248599414,0.838706317
6177210,6177212,grumant,6177210_6177212,2016_6177210_6177212,2016,L#0002,1,0,0,0,0,0,1.409893097,2.248599414,0.838706317
6177210,6177212,grumant,6177210_6177212,2017_6177210_6177212,2017,L#0002,0,0,0,0,0,0,1.409893097,2.248599414,0.838706317
6177210,6177212,grumant,6177210_6177212,2018_g_6177210_6177212,2018_g,L#0002,0,NA,NA,NA,NA,NA,1.409893097,2.248599414,0.838706317
6177219,680932,grumant,6177219_680932,2010_6177219_680932,2010,M#0001,1,0,0,0,1,1,NA,1.6661128,NA
6177219,680932,grumant,6177219_680932,2011_6177219_680932,2011,M#0001,1,1,1,0,NA,1,NA,1.6661128,NA
6177222,680907,grumant,6177222_680907,2009_6177222_680907,2009,J#0002,1,1,1,0,NA,1,NA,NA,NA
6177222,6177307,grumant,6177222_6177307,2011_6177222_6177307,2011,K#0005,1,0,0,0,0,0,NA,NA,NA
6177222,6177307,grumant,6177222_6177307,2012_6177222_6177307,2012,K#0005,0,1,1,0,0,NA,NA,NA,NA
6177222,6126233,grumant,6177222_6126233,2013_6177222_6126233,2013,K#0005,0,1,1,0,NA,0,NA,1.23282592,NA
6177223,6177214,grumant,6177223_6177214,2010_6177223_6177214,2010,K#0003,1,1,1,0,1,NA,2.12197104,NA,NA
6177223,6126208,grumant,6177223_6126208,2011_6177223_6126208,2011,K#0003,1,1,1,0,0,NA,2.12197104,NA,NA
6177223,6126231,grumant,6177223_6126231,2012_6177223_6126231,2012,K#0003,0,NA,1,1,NA,NA,2.12197104,NA,NA
6177223,680908,grumant,6177223_680908,2014_6177223_680908,2014,K#0003,0,0,0,0,1,1,2.12197104,NA,NA
6177223,680908,grumant,6177223_680908,2015_6177223_680908,2015,K#0003,1,1,1,0,0,NA,2.12197104,NA,NA
6177223,6141779,grumant,6177223_6141779,2016_6177223_6141779,2016,K#0003,0,NA,1,1,NA,NA,2.12197104,NA,NA
6177223,6161680,grumant,6177223_6161680,2018_g_6177223_6161680,2018_g,K#0003,0,NA,NA,NA,NA,NA,2.12197104,0.07063578,2.05133526
6177224,680911,grumant,6177224_680911,2010_6177224_680911,2010,M#0003,1,0,0,0,0,0,0.696605605,NA,NA
6177224,680911,grumant,6177224_680911,2011_6177224_680911,2011,M#0003,0,1,1,0,0,NA,0.696605605,NA,NA
6177224,6126233,grumant,6177224_6126233,2012_6177224_6126233,2012,M#0003,0,1,1,0,NA,0,0.696605605,1.23282592,0.536220315
6177224,680937,grumant,6177224_680937,2014_6177224_680937,2014,M#0003,0,0,0,0,0,0,0.696605605,0.75486907,0.058263465
6177224,680937,grumant,6177224_680937,2015_6177224_680937,2015,M#0003,0,1,1,0,1,1,0.696605605,0.75486907,0.058263465
6177224,6126006,grumant,6177224_6126006,2016_6177224_6126006,2016,M#0003,1,0,0,0,0,0,0.696605605,0.007106512,0.689499093
6177224,6126006,grumant,6177224_6126006,2017_6177224_6126006,2017,M#0003,0,NA,NA,NA,NA,NA,0.696605605,0.007106512,0.689499093
6177243,6126234,grumant,6177243_6126234,2012_6177243_6126234,2012,N#0003,1,NA,1,1,NA,NA,NA,NA,NA
6177248,6177205,grumant,6177248_6177205,2010_6177248_6177205,2010,J#0003,1,0,0,0,1,1,2.148325396,NA,NA
6177248,6177205,grumant,6177248_6177205,2011_6177248_6177205,2011,J#0003,1,0,0,0,1,1,2.148325396,NA,NA
6177248,6177205,grumant,6177248_6177205,2012_6177248_6177205,2012,J#0003,1,0,0,0,0,0,2.148325396,NA,NA
6177248,6177205,grumant,6177248_6177205,2013_6177248_6177205,2013,J#0003,0,0,0,0,0,0,2.148325396,NA,NA
6177248,6177205,grumant,6177248_6177205,2014_6177248_6177205,2014,J#0003,0,0,0,0,1,1,2.148325396,NA,NA
6177248,6177205,grumant,6177248_6177205,2015_6177248_6177205,2015,J#0003,1,0,0,0,1,1,2.148325396,NA,NA
6177248,6177205,grumant,6177248_6177205,2016_6177248_6177205,2016,J#0003,1,1,1,0,0,NA,2.148325396,NA,NA
6177248,6177208,grumant,6177248_6177208,2017_6177248_6177208,2017,J#0003,0,1,1,0,NA,0,2.148325396,1.924625575,0.223699821
6177250,6177211,grumant,6177250_6177211,2010_6177250_6177211,2010,K#0001,1,1,1,0,NA,1,2.102776511,NA,NA
6177250,680945,grumant,6177250_680945,2012_6177250_680945,2012,L#0006,0,0,0,0,0,0,2.102776511,NA,NA
6177250,680945,grumant,6177250_680945,2013_6177250_680945,2013,L#0006,0,1,1,0,0,NA,2.102776511,NA,NA
6177250,6126240,grumant,6177250_6126240,2014_6177250_6126240,2014,L#0006,0,0,0,0,1,1,2.102776511,1.749924563,0.352851948
6177250,6126240,grumant,6177250_6126240,2015_6177250_6126240,2015,L#0006,1,0,0,0,1,1,2.102776511,1.749924563,0.352851948
6177250,6126240,grumant,6177250_6126240,2016_6177250_6126240,2016,L#0006,1,0,0,0,0,0,2.102776511,1.749924563,0.352851948
6177250,6126240,grumant,6177250_6126240,2017_6177250_6126240,2017,L#0006,0,NA,NA,NA,NA,NA,2.102776511,1.749924563,0.352851948
6177308,6177221,grumant,6177308_6177221,2010_6177308_6177221,2010,L#0002,1,0,0,0,0,0,1.605185932,NA,NA
6177308,6177221,grumant,6177308_6177221,2011_6177308_6177221,2011,L#0002,0,0,0,0,1,1,1.605185932,NA,NA
6177308,6177221,grumant,6177308_6177221,2012_6177308_6177221,2012,L#0003,1,0,0,0,0,0,1.605185932,NA,NA
6177308,6177221,grumant,6177308_6177221,2013_6177308_6177221,2013,L#0003,0,0,0,0,0,0,1.605185932,NA,NA
6177308,6177221,grumant,6177308_6177221,2014_6177308_6177221,2014,L#0003,0,0,0,0,1,1,1.605185932,NA,NA
6177308,6177221,grumant,6177308_6177221,2015_6177308_6177221,2015,L#0003,1,1,1,0,1,NA,1.605185932,NA,NA
6177308,6126012,grumant,6177308_6126012,2016_6177308_6126012,2016,L#0003,1,NA,1,1,NA,NA,1.605185932,NA,NA
6177308,6161679,grumant,6177308_6161679,2018_g_6177308_6161679,2018_g,L#0003,0,NA,NA,NA,NA,NA,1.605185932,2.455532876,0.850346944
6191650,6141767,grumant,6191650_6141767,2015_6191650_6141767,2015,C#0005,0,NA,NA,NA,NA,NA,NA,NA,NA
6228269,6141784,grumant,6228269_6141784,2016_6228269_6141784,2016,N#0002,1,0,0,0,0,0,-0.009611698,0.092387679,0.101999377
6228269,6141784,grumant,6228269_6141784,2017_6228269_6141784,2017,N#0002,0,NA,NA,NA,NA,NA,-0.009611698,0.092387679,0.101999377
6228271,6141764,grumant,6228271_6141764,2016_6228271_6141764,2016,G#0001,0,1,1,0,0,NA,NA,NA,NA
6228271,680932,grumant,6228271_680932,2017_6228271_680932,2017,M#0001,0,NA,NA,NA,NA,NA,NA,1.6661128,NA
6228274,6228275,grumant,6228274_6228275,2016_6228274_6228275,2016,F#0003,0,NA,NA,NA,NA,NA,1.531039415,NA,NA
6228293,6228300,grumant,6228293_6228300,2016_6228293_6228300,2016,S#0001,0,1,1,0,NA,0,NA,NA,NA
6191642,6234547,pyramiden,6191642_6234547,2021_6191642_6234547,2021,I4,1,0,0,0,1,1,NA,0.264237811,NA
6191642,6234547,pyramiden,6191642_6234547,2022_6191642_6234547,2022,I4,1,NA,NA,NA,NA,NA,NA,0.264237811,NA
6191643,6207522,pyramiden,6191643_6207522,2021_6191643_6207522,2021,O1,1,NA,NA,NA,NA,NA,NA,NA,NA
6207506,6207514,pyramiden,6207506_6207514,2021_6207506_6207514,2021,A4,1,NA,NA,NA,NA,NA,-1.070910047,-1.107049258,0.036139211
6207512,6207507,pyramiden,6207512_6207507,2021_6207512_6207507,2021,D4,1,0,0,0,1,1,1.265907372,1.229642018,0.036265354
6207512,6207507,pyramiden,6207512_6207507,2022_6207512_6207507,2022,D4,1,NA,NA,NA,NA,NA,1.265907372,1.229642018,0.036265354
6207517,6234772,pyramiden,6207517_6234772,2021_6207517_6234772,2021,E3,0,NA,NA,NA,NA,NA,-1.189890475,1.40423917,2.594129645
6207521,6207508,pyramiden,6207521_6207508,2021_6207521_6207508,2021,K11,1,NA,NA,NA,NA,NA,NA,NA,NA
6207524,6234569,pyramiden,6207524_6234569,2021_6207524_6234569,2021,I5,1,NA,NA,NA,NA,NA,-0.815223899,-1.571186675,0.755962776
6207525,6207541,pyramiden,6207525_6207541,2021_6207525_6207541,2021,B2,1,0,0,0,0,0,1.213935282,1.236015045,0.022079763
6207525,6207541,pyramiden,6207525_6207541,2022_6207525_6207541,2022,B2,0,NA,NA,NA,NA,NA,1.213935282,1.236015045,0.022079763
6207526,6207515,pyramiden,6207526_6207515,2021_6207526_6207515,2021,B5,1,0,0,0,0,0,1.109171917,1.265907372,0.156735455
6207526,6207515,pyramiden,6207526_6207515,2022_6207526_6207515,2022,B4,0,NA,NA,NA,NA,NA,1.109171917,1.265907372,0.156735455
6207532,6234588,pyramiden,6207532_6234588,2021_6207532_6234588,2021,T2,1,NA,NA,NA,NA,NA,NA,NA,NA
6207534,6234589,pyramiden,6207534_6234589,2021_6207534_6234589,2021,S3,1,NA,NA,NA,NA,NA,NA,NA,NA
6207535,6234176,pyramiden,6207535_6234176,2021_6207535_6234176,2021,S1,1,NA,NA,NA,NA,NA,NA,NA,NA
6207538,6234548,pyramiden,6207538_6234548,2021_6207538_6234548,2021,N2,1,0,0,0,0,0,NA,1.786986752,NA
6207538,6234548,pyramiden,6207538_6234548,2022_6207538_6234548,2022,N2,0,NA,NA,NA,NA,NA,NA,1.786986752,NA
6207540,6207518,pyramiden,6207540_6207518,2021_6207540_6207518,2021,C6,1,NA,NA,NA,NA,NA,1.227282054,1.217380735,0.009901319
6234173,6207537,pyramiden,6234173_6207537,2021_6234173_6207537,2021,M4,1,0,0,0,0,0,0.180845024,NA,NA
6234173,6207537,pyramiden,6234173_6207537,2022_6234173_6207537,2022,M4,0,NA,NA,NA,NA,NA,0.180845024,NA,NA
6234174,6207520,pyramiden,6234174_6207520,2021_6234174_6207520,2021,K10,1,0,0,0,0,0,NA,NA,NA
6234174,6207520,pyramiden,6234174_6207520,2022_6234174_6207520,2022,K9,0,NA,NA,NA,NA,NA,NA,NA,NA
6234451,6234765,pyramiden,6234451_6234765,2019_6234451_6234765,2019,G4,NA,0,0,1,NA,NA,1.442347744,-0.083362817,1.525710561
6234451,6234765,pyramiden,6234451_6234765,2021_6234451_6234765,2021,G4,1,NA,NA,NA,NA,NA,1.442347744,-0.083362817,1.525710561
6234451,6234765,pyramiden,6234451_6234765,2018_p_6234451_6234765,2018_p,G3,1,0,0,0,NA,NA,1.442347744,-0.083362817,1.525710561
6234454,6234757,pyramiden,6234454_6234757,2018_p_6234454_6234757,2018_p,I3,0,NA,NA,NA,NA,NA,-1.149092315,-0.579745542,0.569346773
6234455,6234759,pyramiden,6234455_6234759,2019_6234455_6234759,2019,I6,NA,0,0,1,NA,NA,-0.427732197,1.225971188,1.653703385
6234455,6234759,pyramiden,6234455_6234759,2021_6234455_6234759,2021,I7,0,NA,NA,NA,NA,NA,-0.427732197,1.225971188,1.653703385
6234455,6234759,pyramiden,6234455_6234759,2018_p_6234455_6234759,2018_p,I6,1,0,0,0,NA,NA,-0.427732197,1.225971188,1.653703385
6234458,6234770,pyramiden,6234458_6234770,2019_6234458_6234770,2019,F2,NA,0,0,1,NA,NA,0.86958493,1.476848183,0.607263253
6234458,6234770,pyramiden,6234458_6234770,2021_6234458_6234770,2021,F2,1,NA,NA,NA,NA,NA,0.86958493,1.476848183,0.607263253
6234458,6234770,pyramiden,6234458_6234770,2018_p_6234458_6234770,2018_p,F2,1,0,0,0,NA,NA,0.86958493,1.476848183,0.607263253
6234459,6234772,pyramiden,6234459_6234772,2018_p_6234459_6234772,2018_p,E3,0,1,1,0,NA,NA,-0.815688447,1.40423917,2.219927617
6234460,6234773,pyramiden,6234460_6234773,2019_6234460_6234773,2019,E2,NA,0,0,1,NA,NA,0.964952222,0.722024659,0.242927563
6234460,6234773,pyramiden,6234460_6234773,2021_6234460_6234773,2021,E2,0,NA,NA,NA,NA,NA,0.964952222,0.722024659,0.242927563
6234460,6234773,pyramiden,6234460_6234773,2018_p_6234460_6234773,2018_p,E2,1,0,0,0,NA,NA,0.964952222,0.722024659,0.242927563
6234461,6234738,pyramiden,6234461_6234738,2019_6234461_6234738,2019,E1,NA,0,0,0,NA,NA,1.437929665,-0.762967234,2.200896899
6234461,6234738,pyramiden,6234461_6234738,2021_6234461_6234738,2021,E1,0,NA,NA,NA,NA,NA,1.437929665,-0.762967234,2.200896899
6234461,6234774,pyramiden,6234461_6234774,2018_p_6234461_6234774,2018_p,E1,0,1,1,0,NA,NA,1.437929665,-0.803024724,2.240954389
6234466,6234785,pyramiden,6234466_6234785,2019_6234466_6234785,2019,K3,NA,0,0,1,NA,NA,1.525603944,1.233911456,0.291692488
6234466,6234785,pyramiden,6234466_6234785,2021_6234466_6234785,2021,K3,1,NA,NA,NA,NA,NA,1.525603944,1.233911456,0.291692488
6234466,6234785,pyramiden,6234466_6234785,2018_p_6234466_6234785,2018_p,K2,1,0,0,0,NA,NA,1.525603944,1.233911456,0.291692488
6234467,6234787,pyramiden,6234467_6234787,2019_6234467_6234787,2019,K6,NA,0,0,0,NA,NA,0.770740848,-0.932419694,1.703160542
6234467,6234787,pyramiden,6234467_6234787,2021_6234467_6234787,2021,K7,1,NA,NA,NA,NA,NA,0.770740848,-0.932419694,1.703160542
6234468,6234788,pyramiden,6234468_6234788,2018_p_6234468_6234788,2018_p,K6,0,NA,1,2,NA,NA,NA,1.163492298,NA
6234470,6234790,pyramiden,6234470_6234790,2018_p_6234470_6234790,2018_p,L1,0,1,1,0,NA,NA,0.725159889,-0.545649588,1.270809477
6234471,6234791,pyramiden,6234471_6234791,2019_6234471_6234791,2019,L2,NA,0,0,1,NA,NA,0.838036852,0.980336456,0.142299604
6234471,6234791,pyramiden,6234471_6234791,2021_6234471_6234791,2021,L2,1,NA,NA,NA,NA,NA,0.838036852,0.980336456,0.142299604
6234474,6234796,pyramiden,6234474_6234796,2019_6234474_6234796,2019,M3,NA,0,0,1,NA,NA,1.299507555,0.975090674,0.324416881
6234474,6234796,pyramiden,6234474_6234796,2021_6234474_6234796,2021,M3,1,0,0,0,1,1,1.299507555,0.975090674,0.324416881
6234474,6234796,pyramiden,6234474_6234796,2022_6234474_6234796,2022,M3,1,NA,NA,NA,NA,NA,1.299507555,0.975090674,0.324416881
6234474,6234796,pyramiden,6234474_6234796,2018_p_6234474_6234796,2018_p,M3,1,0,0,0,NA,NA,1.299507555,0.975090674,0.324416881
6234476,6234731,pyramiden,6234476_6234731,2021_6234476_6234731,2021,N3,1,NA,NA,NA,NA,NA,-0.588478533,0.752943187,1.34142172
6234476,6234800,pyramiden,6234476_6234800,2018_p_6234476_6234800,2018_p,N3,1,NA,1,2,NA,NA,-0.588478533,0.933792499,1.522271032
6234477,6234601,pyramiden,6234477_6234601,2019_6234477_6234601,2019,N4,NA,0,0,1,NA,NA,1.065010711,1.435122194,0.370111483
6234477,6234601,pyramiden,6234477_6234601,2021_6234477_6234601,2021,N4,1,NA,NA,NA,NA,NA,1.065010711,1.435122194,0.370111483
6234507,6234465,pyramiden,6234507_6234465,2019_6234507_6234465,2019,B3,NA,0,0,1,NA,NA,1.257174381,0.086180792,1.170993589
6234507,6234465,pyramiden,6234507_6234465,2021_6234507_6234465,2021,B6,0,NA,NA,NA,NA,NA,1.257174381,0.086180792,1.170993589
6234507,6234465,pyramiden,6234507_6234465,2018_p_6234507_6234465,2018_p,B3,1,0,0,0,NA,NA,1.257174381,0.086180792,1.170993589
6234508,6207539,pyramiden,6234508_6207539,2021_6234508_6207539,2021,C3,1,NA,NA,NA,NA,NA,1.247341032,1.236015045,0.011325987
6234508,6234781,pyramiden,6234508_6234781,2018_p_6234508_6234781,2018_p,C2,0,NA,1,2,NA,NA,1.247341032,-0.551839653,1.799180685
6234509,6234777,pyramiden,6234509_6234777,2021_6234509_6234777,2021,D2,1,0,0,0,0,0,0.672713997,0.339464403,0.333249594
6234509,6234777,pyramiden,6234509_6234777,2022_6234509_6234777,2022,D2,0,NA,NA,NA,NA,NA,0.672713997,0.339464403,0.333249594
6234509,6234777,pyramiden,6234509_6234777,2018_p_6234509_6234777,2018_p,D2,1,0,0,2,NA,NA,0.672713997,0.339464403,0.333249594
6234510,6234766,pyramiden,6234510_6234766,2019_6234510_6234766,2019,G3,NA,0,0,1,NA,NA,-0.622870558,-0.082815133,0.540055425
6234510,6234766,pyramiden,6234510_6234766,2021_6234510_6234766,2021,G3,1,0,0,0,1,1,-0.622870558,-0.082815133,0.540055425
6234510,6234766,pyramiden,6234510_6234766,2022_6234510_6234766,2022,G3,1,NA,NA,NA,NA,NA,-0.622870558,-0.082815133,0.540055425
6234510,6234766,pyramiden,6234510_6234766,2018_p_6234510_6234766,2018_p,G2,1,0,0,0,NA,NA,-0.622870558,-0.082815133,0.540055425
6234513,6234582,pyramiden,6234513_6234582,2021_6234513_6234582,2021,M2,1,0,0,0,0,0,-0.050044893,1.324335328,1.374380221
6234513,6234582,pyramiden,6234513_6234582,2022_6234513_6234582,2022,M2,0,NA,NA,NA,NA,NA,-0.050044893,1.324335328,1.374380221
6234513,6234795,pyramiden,6234513_6234795,2018_p_6234513_6234795,2018_p,M2,0,1,1,0,NA,NA,-0.050044893,1.405691235,1.455736128
6234516,6234720,pyramiden,6234516_6234720,2019_6234516_6234720,2019,H4,NA,0,0,1,NA,NA,-0.791617864,0.677788666,1.46940653
6234516,6234720,pyramiden,6234516_6234720,2021_6234516_6234720,2021,H4,0,NA,NA,NA,NA,NA,-0.791617864,0.677788666,1.46940653
6234516,6234760,pyramiden,6234516_6234760,2018_p_6234516_6234760,2018_p,H4,0,1,1,0,NA,NA,-0.791617864,1.534336935,2.325954799
6234524,6234525,pyramiden,6234524_6234525,2019_6234524_6234525,2019,O3,NA,NA,NA,NA,NA,NA,1.380169076,0.815094058,0.565075018
6234524,6234603,pyramiden,6234524_6234603,2018_p_6234524_6234603,2018_p,O2,0,1,1,0,NA,NA,1.380169076,1.534336935,0.154167859
6234526,6234486,pyramiden,6234526_6234486,2018_p_6234526_6234486,2018_p,Q3,0,NA,NA,NA,NA,NA,-0.824421439,1.508137962,2.332559401
6234527,6234481,pyramiden,6234527_6234481,2018_p_6234527_6234481,2018_p,S1,0,NA,1,3,NA,NA,1.516870953,NA,NA
6234528,6234609,pyramiden,6234528_6234609,2019_6234528_6234609,2019,U1,NA,NA,NA,NA,NA,NA,-0.04231492,0.352519336,0.394834256
6234549,6234783,pyramiden,6234549_6234783,2018_p_6234549_6234783,2018_p,B1,1,NA,1,3,NA,NA,NA,-0.722391652,NA
6234565,6207513,pyramiden,6234565_6207513,2021_6234565_6207513,2021,A5,1,NA,NA,NA,NA,NA,1.236015045,1.185673901,0.050341144
6234567,6234511,pyramiden,6234567_6234511,2021_6234567_6234511,2021,I1,0,0,0,0,0,0,1.315602337,-0.292372112,1.607974449
6234567,6234511,pyramiden,6234567_6234511,2022_6234567_6234511,2022,I1,0,NA,NA,NA,NA,NA,1.315602337,-0.292372112,1.607974449
6234571,6234583,pyramiden,6234571_6234583,2021_6234571_6234583,2021,Q1,0,0,0,0,NA,NA,NA,NA,NA
6234571,6234583,pyramiden,6234571_6234583,2022_6234571_6234583,2022,R1,0,NA,NA,NA,NA,NA,NA,NA,NA
6234572,6234193,pyramiden,6234572_6234193,2021_6234572_6234193,2021,R2,1,1,1,0,1,NA,NA,NA,NA
6234572,Unringed,pyramiden,6234572_Unringed,2022_6234572_Unringed,2022,R2,1,NA,NA,NA,NA,NA,NA,NA,NA
6234573,6234590,pyramiden,6234573_6234590,2021_6234573_6234590,2021,R3,1,0,0,0,0,0,NA,NA,NA
6234573,6234590,pyramiden,6234573_6234590,2022_6234573_6234590,2022,R3,0,NA,NA,NA,NA,NA,NA,NA,NA
6234575,6207533,pyramiden,6234575_6207533,2021_6234575_6207533,2021,T1,1,NA,NA,NA,NA,NA,NA,NA,NA
6234576,6207510,pyramiden,6234576_6207510,2021_6234576_6207510,2021,T4,1,0,0,0,0,0,NA,-1.027705931,NA
6234576,6207510,pyramiden,6234576_6207510,2022_6234576_6207510,2022,T4,0,NA,NA,NA,NA,NA,NA,-1.027705931,NA
6234578,6207509,pyramiden,6234578_6207509,2021_6234578_6207509,2021,L3,1,1,1,0,NA,1,1.319968833,1.341801311,0.021832478
6234579,6234515,pyramiden,6234579_6234515,2021_6234579_6234515,2021,N1,1,NA,NA,NA,NA,NA,1.319968833,1.443180535,0.123211702
6234580,6234739,pyramiden,6234580_6234739,2021_6234580_6234739,2021,C5,1,NA,NA,NA,NA,NA,1.23164855,1.215197487,0.016451063
6234581,6234721,pyramiden,6234581_6234721,2021_6234581_6234721,2021,K6,1,NA,NA,NA,NA,NA,-1.13882678,1.552556142,2.691382922
6234584,6234570,pyramiden,6234584_6234570,2021_6234584_6234570,2021,I6,1,NA,NA,NA,NA,NA,NA,NA,NA
6234585,6234568,pyramiden,6234585_6234568,2021_6234585_6234568,2021,I2,1,NA,NA,NA,NA,NA,NA,NA,NA
6234587,6234577,pyramiden,6234587_6234577,2021_6234587_6234577,2021,U2,1,1,1,0,0,NA,NA,NA,NA
6234587,6234528,pyramiden,6234587_6234528,2022_6234587_6234528,2022,U1,0,NA,NA,NA,NA,NA,NA,-0.04231492,NA
6234591,6207519,pyramiden,6234591_6207519,2021_6234591_6207519,2021,C4,1,0,0,0,0,0,-0.718971581,1.156525545,1.875497126
6234591,6207519,pyramiden,6234591_6207519,2022_6234591_6207519,2022,C3,0,NA,NA,NA,NA,NA,-0.718971581,1.156525545,1.875497126
6234602,6234525,pyramiden,6234602_6234525,2018_p_6234602_6234525,2018_p,O1,0,1,1,0,NA,NA,1.534336935,0.815094058,0.719242877
6234606,6234724,pyramiden,6234606_6234724,2021_6234606_6234724,2021,Q3,1,1,1,0,0,NA,1.534336935,1.800086239,0.265749304
6234606,6234481,pyramiden,6234606_6234481,2022_6234606_6234481,2022,Q2,0,NA,NA,NA,NA,NA,1.534336935,NA,NA
6234606,6234643,pyramiden,6234606_6234643,2018_p_6234606_6234643,2018_p,Q2,0,NA,1,2,NA,NA,1.534336935,1.516870953,0.017465982
6234607,6234741,pyramiden,6234607_6234741,2019_6234607_6234741,2019,Q3,NA,0,0,1,NA,NA,0.974742171,-1.129125701,2.103867872
6234607,6234741,pyramiden,6234607_6234741,2021_6234607_6234741,2021,Q4,0,NA,NA,NA,NA,NA,0.974742171,-1.129125701,2.103867872
6234608,6234574,pyramiden,6234608_6234574,2021_6234608_6234574,2021,R1,1,1,1,0,NA,0,0.739273584,NA,NA
6234608,6234480,pyramiden,6234608_6234480,2018_p_6234608_6234480,2018_p,R1,0,NA,1,2,NA,NA,0.739273584,-0.90900046,1.648274044
6234613,6234529,pyramiden,6234613_6234529,2021_6234613_6234529,2021,B4,1,0,0,0,0,0,1.065094527,0.679465989,0.385628538
6234613,6234529,pyramiden,6234613_6234529,2022_6234613_6234529,2022,B3,0,NA,NA,NA,NA,NA,1.065094527,0.679465989,0.385628538
6234625,6234783,pyramiden,6234625_6234783,2022_6234625_6234783,2022,B1,1,NA,NA,NA,NA,NA,1.24122736,-0.722391652,1.963619012
6234702,6234728,pyramiden,6234702_6234728,2019_6234702_6234728,2019,G1,NA,NA,1,1,NA,NA,-0.868116761,-0.47662245,0.391494311
6234702,6207516,pyramiden,6234702_6207516,2021_6234702_6207516,2021,G1,1,0,0,0,1,1,-0.868116761,-0.30898917,0.559127591
6234702,6207516,pyramiden,6234702_6207516,2022_6234702_6207516,2022,G1,1,NA,NA,NA,NA,NA,-0.868116761,-0.30898917,0.559127591
6234702,6234650,pyramiden,6234702_6234650,2018_p_6234702_6234650,2018_p,G1,1,1,1,0,NA,NA,-0.868116761,0.329773695,1.197890456
6234725,6234730,pyramiden,6234725_6234730,2019_6234725_6234730,2019,D5,NA,0,0,1,NA,NA,0.680060747,1.660793913,0.980733166
6234725,6234730,pyramiden,6234725_6234730,2021_6234725_6234730,2021,D6,1,0,0,0,1,1,0.680060747,1.660793913,0.980733166
6234725,6234730,pyramiden,6234725_6234730,2022_6234725_6234730,2022,D6,1,NA,NA,NA,NA,NA,0.680060747,1.660793913,0.980733166
6234726,6234721,pyramiden,6234726_6234721,2019_6234726_6234721,2019,K5,NA,NA,1,1,NA,NA,1.795719743,1.552556142,0.243163601
6234727,6234742,pyramiden,6234727_6234742,2019_6234727_6234742,2019,M1,NA,NA,1,1,NA,NA,0.54621436,1.786986752,1.240772392
6234727,6234795,pyramiden,6234727_6234795,2021_6234727_6234795,2021,M1,1,NA,NA,NA,NA,NA,0.54621436,1.405691235,0.859476875
6234729,6234719,pyramiden,6234729_6234719,2019_6234729_6234719,2019,G5,NA,0,0,1,NA,NA,0.71422902,0.787747182,0.073518162
6234729,6234719,pyramiden,6234729_6234719,2021_6234729_6234719,2021,G5,1,0,0,0,0,0,0.71422902,0.787747182,0.073518162
6234729,6234719,pyramiden,6234729_6234719,2022_6234729_6234719,2022,G5,0,NA,NA,NA,NA,NA,0.71422902,0.787747182,0.073518162
6234732,6234722,pyramiden,6234732_6234722,2019_6234732_6234722,2019,K1,NA,NA,1,1,NA,NA,1.791353247,-0.375318066,2.166671313
6234732,6234788,pyramiden,6234732_6234788,2021_6234732_6234788,2021,K9,1,NA,NA,NA,NA,NA,1.791353247,1.163492298,0.627860949
6234733,6234723,pyramiden,6234733_6234723,2019_6234733_6234723,2019,U2,NA,0,0,1,NA,NA,0.025853274,1.522857313,1.497004039
6234733,6234723,pyramiden,6234733_6234723,2021_6234733_6234723,2021,U3,1,NA,NA,NA,NA,NA,0.025853274,1.522857313,1.497004039
6234734,6234724,pyramiden,6234734_6234724,2019_6234734_6234724,2019,P2,NA,NA,1,1,NA,NA,-0.384051057,1.800086239,2.184137296
6234734,6234175,pyramiden,6234734_6234175,2022_6234734_6234175,2022,P2,1,NA,NA,NA,NA,NA,-0.384051057,NA,NA
6234735,6234472,pyramiden,6234735_6234472,2019_6234735_6234472,2019,L3,NA,NA,NA,NA,NA,NA,1.791353247,0.60057399,1.190779257
6234737,6234747,pyramiden,6234737_6234747,2019_6234737_6234747,2019,G2,NA,0,0,1,NA,NA,1.231097516,NA,NA
6234737,6234747,pyramiden,6234737_6234747,2021_6234737_6234747,2021,G2,1,0,0,0,1,1,1.231097516,NA,NA
6234737,6234747,pyramiden,6234737_6234747,2022_6234737_6234747,2022,G2,1,NA,NA,NA,NA,NA,1.231097516,NA,NA
6234744,6234611,pyramiden,6234744_6234611,2019_6234744_6234611,2019,U3,NA,0,0,1,NA,NA,1.341801311,-0.675900777,2.017702088
6234744,6234611,pyramiden,6234744_6234611,2021_6234744_6234611,2021,U4,1,0,0,0,1,1,1.341801311,-0.675900777,2.017702088
6234744,6234611,pyramiden,6234744_6234611,2022_6234744_6234611,2022,U4,1,NA,NA,NA,NA,NA,1.341801311,-0.675900777,2.017702088
6234745,6234478,pyramiden,6234745_6234478,2019_6234745_6234478,2019,P3,NA,0,0,1,NA,NA,NA,NA,NA
6234745,6234478,pyramiden,6234745_6234478,2021_6234745_6234478,2021,P3,1,0,0,0,1,1,NA,NA,NA
6234745,6234478,pyramiden,6234745_6234478,2022_6234745_6234478,2022,P3,1,NA,NA,NA,NA,NA,NA,NA,NA
6234748,6234736,pyramiden,6234748_6234736,2019_6234748_6234736,2019,H5,NA,NA,1,2,NA,NA,NA,1.249114532,NA
6234755,6234531,pyramiden,6234755_6234531,2018_p_6234755_6234531,2018_p,I4,0,NA,NA,NA,NA,NA,1.534336935,-0.825538832,2.359875767
6234756,6234547,pyramiden,6234756_6234547,2019_6234756_6234547,2019,I5,NA,NA,1,1,NA,NA,-0.470438417,0.264237811,0.734676228
6234756,6234547,pyramiden,6234756_6234547,2018_p_6234756_6234547,2018_p,I5,0,0,0,0,NA,NA,-0.470438417,0.264237811,0.734676228
6234758,6234511,pyramiden,6234758_6234511,2018_p_6234758_6234511,2018_p,I2,0,NA,1,2,NA,NA,0.941525649,-0.292372112,1.233897761
6234761,6234772,pyramiden,6234761_6234772,2019_6234761_6234772,2019,E3,NA,NA,1,1,NA,NA,-0.332154094,1.40423917,1.736393264
6234761,6234701,pyramiden,6234761_6234701,2018_p_6234761_6234701,2018_p,H3,0,1,1,0,NA,NA,-0.332154094,NA,NA
6234762,6234453,pyramiden,6234762_6234453,2019_6234762_6234453,2019,H2,NA,0,0,2,NA,NA,1.428062725,0.682842641,0.745220084
6234762,6234453,pyramiden,6234762_6234453,2022_6234762_6234453,2022,H2,1,NA,NA,NA,NA,NA,1.428062725,0.682842641,0.745220084
6234762,6234453,pyramiden,6234762_6234453,2018_p_6234762_6234453,2018_p,H2,0,0,0,0,NA,NA,1.428062725,0.682842641,0.745220084
6234763,6234530,pyramiden,6234763_6234530,2019_6234763_6234530,2019,H1,NA,0,0,1,NA,NA,0.631527517,-0.027323502,0.658851019
6234763,6234530,pyramiden,6234763_6234530,2021_6234763_6234530,2021,H1,1,NA,NA,NA,NA,NA,0.631527517,-0.027323502,0.658851019
6234764,6234452,pyramiden,6234764_6234452,2019_6234764_6234452,2019,G6,NA,0,0,1,NA,NA,1.110921966,0.89130859,0.219613376
6234764,6234452,pyramiden,6234764_6234452,2021_6234764_6234452,2021,G6,1,1,1,0,0,0,1.110921966,0.89130859,0.219613376
6234764,Unringed,pyramiden,6234764_Unringed,2022_6234764_Unringed,2022,G6,0,NA,NA,NA,NA,NA,1.110921966,NA,NA
6234764,6234452,pyramiden,6234764_6234452,2018_p_6234764_6234452,2018_p,G5,1,0,0,0,NA,NA,1.110921966,0.89130859,0.219613376
6234767,6234718,pyramiden,6234767_6234718,2019_6234767_6234718,2019,F5,NA,NA,1,1,NA,NA,1.244438234,1.166057528,0.078380706
6234767,6207505,pyramiden,6234767_6207505,2021_6234767_6207505,2021,F5,1,NA,NA,NA,NA,NA,1.244438234,0.640486804,0.60395143
6234767,6234456,pyramiden,6234767_6234456,2018_p_6234767_6234456,2018_p,F5,0,1,1,0,NA,NA,1.244438234,0.464629514,0.77980872
6234768,6234550,pyramiden,6234768_6234550,2019_6234768_6234550,2019,F4,NA,0,0,1,NA,NA,1.297820221,-0.608367146,1.906187367
6234768,6234550,pyramiden,6234768_6234550,2021_6234768_6234550,2021,F4,1,NA,NA,NA,NA,NA,1.297820221,-0.608367146,1.906187367
6234768,6234550,pyramiden,6234768_6234550,2018_p_6234768_6234550,2018_p,F4,1,0,0,0,NA,NA,1.297820221,-0.608367146,1.906187367
6234769,6234456,pyramiden,6234769_6234456,2021_6234769_6234456,2021,F3,0,0,0,0,0,0,1.217354724,0.464629514,0.75272521
6234769,6234456,pyramiden,6234769_6234456,2022_6234769_6234456,2022,F3,0,NA,NA,NA,NA,NA,1.217354724,0.464629514,0.75272521
6234769,6234457,pyramiden,6234769_6234457,2018_p_6234769_6234457,2018_p,F3,0,NA,1,2,NA,NA,1.217354724,0.948004064,0.26935066
6234771,6234517,pyramiden,6234771_6234517,2018_p_6234771_6234517,2018_p,F1,1,NA,NA,NA,NA,NA,1.418490468,-0.720359298,2.138849766
6234775,6234505,pyramiden,6234775_6234505,2019_6234775_6234505,2019,D4,NA,0,0,1,NA,NA,-0.182088716,-0.097586691,0.084502025
6234775,6234505,pyramiden,6234775_6234505,2021_6234775_6234505,2021,D5,1,0,0,0,0,0,-0.182088716,-0.097586691,0.084502025
6234775,6234505,pyramiden,6234775_6234505,2022_6234775_6234505,2022,D5,0,NA,NA,NA,NA,NA,-0.182088716,-0.097586691,0.084502025
6234775,6234505,pyramiden,6234775_6234505,2018_p_6234775_6234505,2018_p,D4,1,0,0,0,NA,NA,-0.182088716,-0.097586691,0.084502025
6234776,6234462,pyramiden,6234776_6234462,2019_6234776_6234462,2019,D3,NA,0,0,1,NA,NA,0.548887138,-0.454872937,1.003760075
6234776,6234462,pyramiden,6234776_6234462,2022_6234776_6234462,2022,D3,1,NA,NA,NA,NA,NA,0.548887138,-0.454872937,1.003760075
6234776,6234462,pyramiden,6234776_6234462,2018_p_6234776_6234462,2018_p,D3,1,0,0,0,NA,NA,0.548887138,-0.454872937,1.003760075
6234778,6234506,pyramiden,6234778_6234506,2019_6234778_6234506,2019,C4,NA,NA,1,1,NA,NA,-0.806955456,1.43151938,2.238474836
6234778,6234506,pyramiden,6234778_6234506,2018_p_6234778_6234506,2018_p,C4,1,0,0,0,NA,NA,-0.806955456,1.43151938,2.238474836
6234779,6234463,pyramiden,6234779_6234463,2018_p_6234779_6234463,2018_p,D1,1,1,1,0,NA,NA,-0.804819683,0.036728997,0.84154868
6234780,6234463,pyramiden,6234780_6234463,2019_6234780_6234463,2019,D1,NA,0,0,1,NA,NA,0.738061922,0.036728997,0.701332925
6234780,6234463,pyramiden,6234780_6234463,2021_6234780_6234463,2021,D1,1,0,0,0,0,0,0.738061922,0.036728997,0.701332925
6234780,6234463,pyramiden,6234780_6234463,2022_6234780_6234463,2022,D1,0,NA,NA,NA,NA,NA,0.738061922,0.036728997,0.701332925
6234780,6234464,pyramiden,6234780_6234464,2018_p_6234780_6234464,2018_p,C3,0,1,1,0,NA,NA,0.738061922,-0.729450792,1.467512714
6234782,6234529,pyramiden,6234782_6234529,2019_6234782_6234529,2019,C1,NA,NA,1,1,NA,NA,0.359671114,0.679465989,0.319794875
6234782,6234506,pyramiden,6234782_6234506,2021_6234782_6234506,2021,C1,1,NA,NA,NA,NA,NA,0.359671114,1.43151938,1.071848266
6234782,6234529,pyramiden,6234782_6234529,2018_p_6234782_6234529,2018_p,C1,0,0,0,0,NA,NA,0.359671114,0.679465989,0.319794875
6234784,6234512,pyramiden,6234784_6234512,2019_6234784_6234512,2019,K2,NA,0,0,1,NA,NA,0.961598207,0.89273466,0.068863547
6234784,6234512,pyramiden,6234784_6234512,2021_6234784_6234512,2021,K2,1,NA,NA,NA,NA,NA,0.961598207,0.89273466,0.068863547
6234784,6234512,pyramiden,6234784_6234512,2018_p_6234784_6234512,2018_p,K1,0,0,0,0,NA,NA,0.961598207,0.89273466,0.068863547
6234786,6234746,pyramiden,6234786_6234746,2019_6234786_6234746,2019,K4,NA,NA,0,1,NA,NA,0.049223359,0.957152716,0.907929357
6234786,6234746,pyramiden,6234786_6234746,2021_6234786_6234746,2021,K4,1,NA,NA,NA,NA,NA,0.049223359,0.957152716,0.907929357
6234789,6234469,pyramiden,6234789_6234469,2018_p_6234789_6234469,2018_p,K7,0,NA,NA,NA,NA,NA,1.180808282,-0.809462896,1.990271178
6234792,6234790,pyramiden,6234792_6234790,2019_6234792_6234790,2019,L1,NA,0,0,1,NA,NA,1.467566949,-0.545649588,2.013216537
6234792,6234790,pyramiden,6234792_6234790,2021_6234792_6234790,2021,L1,0,0,0,0,1,1,1.467566949,-0.545649588,2.013216537
6234792,6234790,pyramiden,6234792_6234790,2022_6234792_6234790,2022,L1,1,NA,NA,NA,NA,NA,1.467566949,-0.545649588,2.013216537
6234792,6234472,pyramiden,6234792_6234472,2018_p_6234792_6234472,2018_p,L3,0,1,1,0,NA,NA,1.467566949,0.60057399,0.866992959
6234793,6234473,pyramiden,6234793_6234473,2019_6234793_6234473,2019,L4,NA,0,0,1,NA,NA,-0.62521835,1.483663693,2.108882043
6234793,6234473,pyramiden,6234793_6234473,2021_6234793_6234473,2021,L4,1,0,0,0,1,1,-0.62521835,1.483663693,2.108882043
6234793,6234473,pyramiden,6234793_6234473,2022_6234793_6234473,2022,L4,1,NA,NA,NA,NA,NA,-0.62521835,1.483663693,2.108882043
6234793,6234473,pyramiden,6234793_6234473,2018_p_6234793_6234473,2018_p,L4,1,0,0,0,NA,NA,-0.62521835,1.483663693,2.108882043
6234794,6234475,pyramiden,6234794_6234475,2018_p_6234794_6234475,2018_p,M1,0,NA,NA,NA,NA,NA,1.534336935,-0.843055749,2.377392684
6234797,6234795,pyramiden,6234797_6234795,2019_6234797_6234795,2019,M4,NA,NA,1,1,NA,NA,1.612737588,1.405691235,0.207046353
6234797,6234514,pyramiden,6234797_6234514,2018_p_6234797_6234514,2018_p,M4,1,1,1,0,NA,NA,1.612737588,-0.747351836,2.360089424
6234798,6234515,pyramiden,6234798_6234515,2019_6234798_6234515,2019,N1,NA,NA,1,1,NA,NA,0.050070695,1.443180535,1.39310984
6234798,6234515,pyramiden,6234798_6234515,2018_p_6234798_6234515,2018_p,N1,0,0,0,0,NA,NA,0.050070695,1.443180535,1.39310984
6234799,6234548,pyramiden,6234799_6234548,2018_p_6234799_6234548,2018_p,N2,1,NA,1,2,NA,NA,0.871993423,1.786986752,0.914993329
6255201,6234722,pyramiden,6255201_6234722,2022_6255201_6234722,2022,K1,0,NA,NA,NA,NA,NA,NA,-0.375318066,NA
6255203,6234701,pyramiden,6255203_6234701,2022_6255203_6234701,2022,H3,0,NA,NA,NA,NA,NA,NA,NA,NA
unringed,6207509,pyramiden,unringed_6207509,2022_unringed_6207509,2022,L3,1,NA,NA,NA,NA,NA,NA,1.341801311,NA
Unringed,6234574,pyramiden,Unringed_6234574,2022_Unringed_6234574,2022,Q1,0,NA,NA,NA,NA,NA,NA,NA,NA
Unringed,6234736,pyramiden,Unringed_6234736,2022_Unringed_6234736,2022,H5,0,NA,NA,NA,NA,NA,NA,1.249114532,NA
